FA_H,FA_V
175.0931830761084,82.45001044310796
94.396053822782,18.00672229821427
114.47614981336093,172.97241441916483
58.40017700463551,170.83022535242077
53.77816742760233,85.27509547256943
143.63822378496158,97.26359628775299
192.04364958673722,198.21126388933453
28.017369992133577,60.808030574751484
168.79921291591506,167.20698357702503
180.6184472727834,15.137508729441528
